run,seed,scenario,min_R_over_R0,final_R_over_R0,max_B,final_B,stress_share,max_w_gap,min_S,final_M_re,final_M_public,yin_cumulative,reflux_cumulative,sf_tax_integral,commons_spend_integral,public_money_identity_error
1,202600,DLE baseline,0.16516148332258196,0.5400773339458089,3118.344440392875,1461.472938826394,0.7950819672131147,0.8519232907851508,0.653415234175359,211.8071947338517,550.0,0.0,0.0,40883.0331763054,21075.633904107628,0.0
1,202600,Yin 5%,0.16806686380040634,0.4361751361130429,1765.6609345705335,837.2073737378786,0.6775956284153005,0.8436154495312388,0.6545051030852554,200.50075725410989,1526.9639632638964,976.9639632638986,0.0,36123.80288800178,19494.762273094268,-2.1600499167107046e-12
1,202600,Reflux 2% max,0.1668871683859828,0.5297442298883097,3499.450606002946,1438.3555001778993,0.819672131147541,0.8486883251649543,0.653210882198972,207.43873130926303,278.6590845791029,0.0,271.34091542089783,41973.247144078996,21367.59992957639,7.389644451905042e-13
1,202600,Yin 5% + reflux 2%,0.16912205030978122,0.7325652760356012,2169.7969322726744,1891.2678701497389,0.644808743169399,0.8428428141065379,0.6528147781863054,277.8481513830142,1323.9924947472402,1029.771694623405,255.77919987616278,37155.32730305234,20548.97154290673,-1.9326762412674725e-12
2,202601,DLE baseline,0.12786345266493876,0.9580944042768738,2638.310768148133,2059.2491457678743,0.6967213114754098,0.8542464844705846,0.6528777601513707,275.2231644755226,550.0,0.0,0.0,42771.58051892475,22557.017273196954,0.0
2,202601,Yin 5%,0.12967940721641485,0.5305655255876217,1459.896647839772,1086.58466905595,0.7103825136612022,0.8399486307030096,0.6534577754023343,193.4260937767968,1537.3092156647674,987.3092156647745,0.0,36151.06262445236,19710.076126564894,-7.048583938740194e-12
2,202601,Reflux 2% max,0.1329495318179419,0.9579878192129678,2796.808058841244,2234.9074662983553,0.7950819672131147,0.8533661682455816,0.6528293388213046,263.0648266488398,248.47669238988192,0.0,301.5233076101206,43419.0727725302,22479.4461762516,2.5011104298755527e-12
2,202601,Yin 5% + reflux 2%,0.12910734314420563,0.6726217925058526,1551.541023356103,1292.7129563563738,0.7185792349726776,0.8430938835746936,0.653457775402083,222.0151345065333,1305.537562563467,1019.2243967382966,263.68683417483044,37571.86589505114,20349.761081145043,7.958078640513122e-13
3,202602,DLE baseline,0.13063030408050819,0.8693550187738863,2546.8714224119194,2157.451522092542,0.7704918032786885,0.858805024594629,0.6539321740409343,317.1481425281053,550.0,0.0,0.0,42008.404610926984,21714.065167371627,0.0
3,202602,Yin 5%,0.13396677046944747,0.4084968232842079,1368.4600465665653,601.5995864340216,0.7158469945355191,0.8438402394733938,0.653932174059999,198.1686897036446,1499.3968857310138,949.3968857310148,0.0,36621.21667267225,18950.28677225048,-1.0231815394945443e-12
3,202602,Reflux 2% max,0.1339699733890327,0.7599457078409032,2520.6224935547575,1838.8031801768693,0.7240437158469946,0.8591531334598674,0.6533400262601089,282.1686751725119,284.30997904592203,0.0,265.6900209540765,44160.79706949948,22393.074663929092,-1.4779288903810084e-12
3,202602,Yin 5% + reflux 2%,0.13410646585390618,0.4530545331750878,1471.9489444926376,867.262563212299,0.7240437158469946,0.8461281433000034,0.6539321740595636,207.4284492085895,1288.213876963309,977.0308866746391,238.81700971132753,37261.41695897006,19495.755143424554,-2.4442670110147446e-12
4,202603,DLE baseline,0.16223341717169437,0.8021323970042449,3106.275458372456,2607.5286241952817,0.6530054644808743,0.8387782437280102,0.6528151438181664,255.62283401164174,550.0,0.0,0.0,41733.86534699082,22700.401230512332,0.0
4,202603,Yin 5%,0.1649654890220764,0.6189376167196347,1913.3678000202126,1262.5539019942864,0.46174863387978143,0.8222211279018689,0.6528140307335163,230.5472514807856,1590.5791836812123,1040.5791836812116,0.0,36124.63152792025,20776.034832766698,6.821210263296962e-13
4,202603,Reflux 2% max,0.16883633271106557,0.7640517870712257,3619.4071842134535,2707.621674579161,0.8169398907103825,0.8370902035273369,0.6528131634487897,244.54208709184988,230.29086906963374,0.0,319.70913093036637,42370.079357395945,22788.721166584386,1.1368683772161603e-13
4,202603,Yin 5% + reflux 2%,0.1642691216528095,0.9511094552200593,2244.574732804873,2005.844748730772,0.39344262295081966,0.8261664417849909,0.652811781938048,282.70142294058957,1335.6692386348743,1127.015339029532,341.34610039465593,38733.502738171155,22496.83213106999,-1.7621459846850485e-12
5,202604,DLE baseline,0.1963547110244771,0.9301028850969185,2941.3617721596497,2747.1662180552007,0.8032786885245902,0.8395037203324734,0.6531352216573977,256.9081267429698,550.0,0.0,0.0,39367.74747691481,20866.564788958516,0.0
5,202604,Yin 5%,0.19730137891351668,0.863234379992792,1664.5580171866686,1053.0570134751097,0.674863387978142,0.8261794338208486,0.6533423216489008,263.37656224249025,1525.013305786959,975.0133057869563,0.0,35884.39445921572,19454.75213206395,2.8421709430404007e-12
5,202604,Reflux 2% max,0.1993494860224708,0.9271816465541614,3267.4048105922043,2588.372583974769,0.819672131147541,0.8380069055396138,0.6529721448745553,249.09058521828334,274.9628613741526,0.0,275.037138625849,40804.70107505491,21299.697634209155,1.6484591469634324e-12
5,202604,Yin 5% + reflux 2%,0.20034574936794036,0.957948773062961,1846.7670389874258,1797.520760849137,0.5737704918032787,0.8248439378473036,0.6528115998028166,268.98904005339085,1312.7096151218136,1037.5250206067267,274.815405484913,37032.329591732996,20703.15334786422,-5.684341886080802e-14
6,202605,DLE baseline,0.19820485490662015,0.5651402693886522,2677.9635682552375,2005.7959342969557,0.6256830601092896,0.8291827396642336,0.6528118424144054,236.2617071855601,550.0,0.0,0.0,41719.525338918706,22045.299657220843,0.0
6,202605,Yin 5%,0.1729683508522744,0.542677307545305,1793.6344372590413,1094.386423383143,0.49453551912568305,0.8277235501532338,0.6528115953980516,239.74086353545601,1612.7143712539676,1062.7143712539726,0.0,37563.164326270016,21225.53145836849,-5.002220859751105e-12
6,202605,Reflux 2% max,0.20754503458969312,0.4853172482719335,3055.230076923785,2175.93323326164,0.8224043715846995,0.8276998658995983,0.6528117264993267,209.3819232032344,245.872326044417,0.0,304.12767395558285,42201.67678121598,22078.477592632687,-1.1368683772161603e-13
6,202605,Yin 5% + reflux 2%,0.1832744128467406,0.5890975969392056,2067.3821619585433,1449.4149027153671,0.5273224043715847,0.8237486858634128,0.6528115968254256,252.76825956195563,1330.5537700716993,1079.9323674628342,299.3785973911403,38607.229272735116,21577.515910652706,5.4001247917767614e-12
7,202606,DLE baseline,0.18594232581823833,0.6338200763135193,2369.933203378634,1772.4593396860953,0.49453551912568305,0.8498327520019832,0.6528118086586845,247.5165475462912,550.0,0.0,0.0,42960.69168506964,22508.11469054054,0.0
7,202606,Yin 5%,0.17689601927814158,0.5936378484392609,1766.3197405175017,1197.6641059276308,0.5491803278688525,0.8495768042983541,0.652819453308085,246.37535403690958,1554.5822880646463,1004.5822880646471,0.0,35759.50100354863,20047.19217791954,-7.958078640513122e-13
7,202606,Reflux 2% max,0.1798081504420427,0.36513314424748045,3657.380804047796,1021.6613145964153,0.8169398907103825,0.8565194962369705,0.6528172929860881,169.99749687097344,284.625884705031,0.0,265.3741152949692,40612.365295500014,20702.97082025752,2.2737367544323206e-13
7,202606,Yin 5% + reflux 2%,0.18090481148440926,0.6481767082439183,2092.5319811351724,1569.5333868868736,0.5601092896174863,0.8465703147615291,0.6528190348075456,261.11756079429796,1313.955987955064,1024.3747569338755,260.4187689788085,36677.90475091513,20437.244997325233,-2.8990143619012088e-12
8,202607,DLE baseline,0.1790620759067761,0.5729950499484727,2465.397522235484,1798.05677931057,0.6420765027322405,0.8449339836131248,0.6528137418088062,232.76972316904693,550.0,0.0,0.0,42855.18088749517,22326.650754604198,0.0
8,202607,Yin 5%,0.17743055333927057,0.6036013958341879,1570.5928502588597,1226.2286339212412,0.4808743169398907,0.8293441652669072,0.6528139610459577,255.76084817575952,1621.8538372803418,1071.8538372803375,0.0,37924.469846557615,21397.60951411985,4.320099833421409e-12
8,202607,Reflux 2% max,0.18504448065419554,0.8602484571548579,2648.494360596467,2195.9158824932297,0.7650273224043715,0.8447102529192005,0.6528137447493988,318.31279517740654,254.40053998884468,0.0,295.5994600111562,44199.53984551136,22855.56674880018,9.094947017729282e-13
8,202607,Yin 5% + reflux 2%,0.1812089298364015,0.6503795425039886,1959.986606287366,1637.8485238687108,0.4972677595628415,0.8305779572512665,0.6528115939337906,265.5332469782499,1338.1926533654419,1086.6034001722792,298.4107468068415,38847.01110618771,21690.53145908377,4.149569576838985e-12
9,202608,DLE baseline,0.1599630019624351,0.9579487542686779,2664.156025373352,1863.7789521351137,0.48633879781420764,0.8483392749763736,0.652811591264346,268.7748675448368,550.0,0.0,0.0,44656.40273192809,24039.27420660876,0.0
9,202608,Yin 5%,0.142848423421187,0.9579487542700301,2154.524182570972,1626.7856434552673,0.22950819672131148,0.8495213062413844,0.6528115912649602,279.81447265831,1685.0308568366252,1135.0308568366297,0.0,38237.06905674916,22685.57582732756,-4.547473508864641e-12
9,202608,Reflux 2% max,0.17822012789809646,0.9581260829656058,3749.258155806894,3505.918236058605,0.8278688524590164,0.8371444525351742,0.6528115913606377,268.74730389485853,201.0425250789502,0.0,348.9574749210498,42539.98261542551,23273.517771919975,5.684341886080802e-14
9,202608,Yin 5% + reflux 2%,0.14941064599822954,0.958002530515105,2515.7474765460915,2272.680333279371,0.4344262295081967,0.8461645851913261,0.6528145703395132,261.53670338199333,1308.6197986835316,1095.1563216087281,336.5365229251967,37781.660372631,21882.879550130336,1.7053025658242404e-13
10,202609,DLE baseline,0.22316290772517813,0.5411929422269062,2743.424141130361,1933.0814804610493,0.7896174863387978,0.8181964774961886,0.6528260215769079,218.83096548005688,550.0,0.0,0.0,40666.29826543235,21503.222439235233,0.0
10,202609,Yin 5%,0.21852272955222315,0.5082549680167888,1623.7587662175797,1090.3822546905099,0.5983606557377049,0.8004940694384952,0.6528359960918069,224.0140023182697,1559.5330958709064,1009.5330958709087,0.0,36372.08049283584,20158.101604637224,-2.2737367544323206e-12
10,202609,Reflux 2% max,0.22600741461966964,0.5377614306308924,3094.868494027802,2124.485555495567,0.8142076502732241,0.8186082300330322,0.6528117412369103,217.04016264631932,270.98536629094514,0.0,279.0146337090549,41613.329132580104,21782.031584258366,5.684341886080802e-14
10,202609,Yin 5% + reflux 2%,0.2209933762708686,0.6805066960536156,1866.4007388416912,1434.662601937678,0.5765027322404371,0.8021546116744891,0.6528117474209759,271.1009258845754,1346.7036435712637,1085.5306804030133,288.82703683175714,38412.31092376834,21669.304403300957,7.503331289626658e-12
11,202610,DLE baseline,0.2929314024389235,0.9580968344143586,2577.7199251265415,2202.5532461889234,0.6174863387978142,0.7791792748982278,0.6528201272623941,275.8331676783308,550.0,0.0,0.0,41342.85881741888,22175.320185939574,0.0
11,202610,Yin 5%,0.2915154993679361,0.8715086842860873,2115.59796134245,1018.1695609739705,0.5519125683060109,0.750792242178976,0.6528197157183312,260.80407052325296,1594.0783583419382,1044.0783583419386,0.0,36565.33293300925,20847.4728768464,-4.547473508864641e-13
11,202610,Reflux 2% max,0.31194570044466813,0.9603381445485741,4190.679753617475,2572.519247395442,0.819672131147541,0.774708804245065,0.6528197358805146,258.240017830967,241.07763663335055,0.0,308.92236336664917,41841.1810860268,22462.583924269842,-2.8421709430404007e-13
11,202610,Yin 5% + reflux 2%,0.2906262744216029,0.8398371030304528,2414.387128027071,1545.1342281542181,0.546448087431694,0.7606686261041888,0.6528182700477915,249.79444254415233,1329.9952526844845,1079.381588234391,299.38633554991407,37431.11303619094,21551.748309113573,7.503331289626658e-12
12,202611,DLE baseline,0.16836947164121022,0.9581933595581301,2714.877410164754,2289.4936658514157,0.6721311475409836,0.847235915618008,0.6528123242051622,276.19836719485244,550.0,0.0,0.0,41663.20006226176,22276.99120729517,0.0
12,202611,Yin 5%,0.17133023703650344,0.9586746173650754,1613.2448345076623,1466.8928872673198,0.4972677595628415,0.8313248937839955,0.6528124728709768,259.78893221611526,1568.5918732667649,1018.5918732667677,0.0,36431.75329563514,20354.61335723025,-2.8421709430404007e-12
12,202611,Reflux 2% max,0.17001079316275924,0.9582385561324485,3088.7551872954787,2912.5362267800106,0.8005464480874317,0.8486321158408281,0.6528123585475533,271.27125924220286,237.85540537154967,0.0,312.1445946284491,41714.550990656266,22176.98048189173,-1.2505552149377763e-12
12,202611,Yin 5% + reflux 2%,0.17298947002553602,0.9792564552799361,1827.0914872121712,1029.8926400729617,0.5109289617486339,0.8331334641087101,0.6528124580590119,273.49118571910435,1323.1147575817768,1088.435306992353,315.3205494105817,39301.10042905379,21743.527225447113,5.5138116294983774e-12
13,202612,DLE baseline,0.17579026605975134,0.9653344787335988,2511.173976133071,2454.7406992716787,0.453551912568306,0.8481133661671744,0.6528115915172643,273.3930476622222,550.0,0.0,0.0,44030.91750552089,23760.11093108642,0.0
13,202612,Yin 5%,0.1658888034385748,0.4288229088164865,2244.4272961981596,753.0822427229726,0.3907103825136612,0.8370411710536748,0.6528115914165474,186.64485863584704,1621.0580759747297,1071.058075974731,0.0,37044.076663606975,21381.637189108704,-1.3642420526593924e-12
13,202612,Reflux 2% max,0.1902611824658332,0.7876839126473437,3676.9140412419356,2773.9832188973883,0.8360655737704918,0.8413962898584619,0.6528115915093569,243.6054470940174,244.05167523171522,0.0,305.9483247682845,41647.116607374934,22393.5663340716,-2.8421709430404007e-13
13,202612,Yin 5% + reflux 2%,0.1721429660185582,0.9579487542686779,2272.1824438064746,1551.528350526746,0.273224043715847,0.8373321640194704,0.652811591264346,274.1927984594619,1367.6932371542648,1158.1796269313293,340.48638977706446,39902.90353968437,23129.99912516776,0.0
14,202613,DLE baseline,0.11231551492519791,0.7554810341195791,2395.5180446364975,1236.544101840887,0.5765027322404371,0.8684620527033121,0.6528126018545722,240.09534444331882,550.0,0.0,0.0,42752.0221634902,22110.69877446409,0.0
14,202613,Yin 5%,0.10539827743500811,0.7794689163211799,1204.70873315371,1001.6650058284539,0.674863387978142,0.8529566788833303,0.653932174059999,265.63817407456344,1542.047752751532,992.0477527515357,0.0,37402.49686489612,19793.261436980363,-3.637978807091713e-12
14,202613,Reflux 2% max,0.1142499972729755,0.9579629397831464,2489.5884199802135,2038.6589629324694,0.5300546448087432,0.8693774899119734,0.6528126090348323,267.59964302160984,245.36286134840017,0.0,304.6371386515992,44966.97530080188,23333.721226952555,-6.252776074688882e-13
14,202613,Yin 5% + reflux 2%,0.10882998680231688,0.958611568986446,1698.6727486740513,1613.078974580364,0.6010928961748634,0.8557164584481152,0.6531126813080804,269.12339984343765,1333.1446749702957,1065.708056844161,282.5633818738725,38278.294664588444,21273.043896496056,7.105427357601002e-12
15,202614,DLE baseline,0.2979872938108794,0.43970691813768015,3072.733113873213,1744.308754974586,0.6174863387978142,0.7899606886076997,0.6528119262846914,212.02475497364173,550.0,0.0,0.0,40841.02838155787,21727.137414134737,0.0
15,202614,Yin 5%,0.2974471988602943,0.3042234999233196,1835.246125975504,900.2032166451779,0.5765027322404371,0.7714679602843629,0.6529131423008011,182.45506030826812,1538.1386045935967,988.1386045936005,0.0,35068.15200536736,19733.55195682816,-3.751665644813329e-12
15,202614,Reflux 2% max,0.31764895701358975,0.4223222311346893,3388.918872923214,2358.4206139409876,0.8333333333333334,0.7887346502110872,0.6528118474130077,204.13512505874513,264.94085030910486,0.0,285.05914969089497,40964.299032339375,21812.703790806387,-1.7053025658242404e-13
15,202614,Yin 5% + reflux 2%,0.2960537633990699,0.49949452499793934,2088.0913612028003,1553.9140471669473,0.5710382513661202,0.7632961576515812,0.652812003608607,241.31810577746387,1327.2448695702178,1051.7117305310649,274.4668609608502,36911.4991185103,20996.026052516987,3.183231456205249e-12
16,202615,DLE baseline,0.29437344350996697,0.9785432124318846,2801.606127961038,1348.4422915210407,0.546448087431694,0.7783508929355526,0.6528119918619224,265.78893256965574,550.0,0.0,0.0,43264.77523809338,23030.894483184667,0.0
16,202615,Yin 5%,0.29363134096904403,0.9857652484774732,2059.380280136395,1007.709679276805,0.5109289617486339,0.7493252308439411,0.6529783596562715,282.3328465258513,1573.984845151612,1023.9848451516151,0.0,36217.96164922906,20458.767434589132,-3.069544618483633e-12
16,202615,Reflux 2% max,0.2651049446438184,0.9583795589676314,4078.5545225949163,2668.648400933333,0.8060109289617486,0.7736501326447167,0.6528177084352323,266.1749515682437,259.43273940793296,0.0,290.5672605920688,40308.73482483487,21781.642726127524,1.7621459846850485e-12
16,202615,Yin 5% + reflux 2%,0.2923273297096709,0.8435823801969284,2351.3300574194623,1033.6811662940108,0.5218579234972678,0.759573884353396,0.6528155205090124,258.6941154183459,1342.6830049414623,1094.8177484256223,302.1347434841603,38312.47171899138,21851.19855444455,2.8421709430404007e-13
17,202616,DLE baseline,0.13322368962099249,0.47385887079694605,2931.0662577850453,1362.3548752238958,0.773224043715847,0.8381193725660762,0.6532394445373684,210.71794155003033,550.0,0.0,0.0,41516.24501832884,21630.967862398662,0.0
17,202616,Yin 5%,0.13323369756665376,0.37531305478025595,1759.426023147766,1054.289888744917,0.6775956284153005,0.8236042397045441,0.6531842360502768,195.4120670906384,1524.2351657309982,974.2351657309998,0.0,35492.631141499645,19454.061918621897,-1.5916157281026244e-12
17,202616,Reflux 2% max,0.14067053445150585,0.4736117160866967,3445.873130363546,1598.9272065038406,0.8060109289617486,0.8349177854006623,0.6532001968864153,209.75828731959538,253.8892606855466,0.0,296.1107393144542,42998.2535364543,22434.6422555116,7.389644451905042e-13
17,202616,Yin 5% + reflux 2%,0.13252121798968824,0.7925829122498401,1940.7701357366232,703.6691817146851,0.644808743169399,0.828346962919564,0.6531945498182762,327.87998465679607,1353.7205801318846,1107.2122170282662,303.4916368963816,40426.23663258225,22120.005747536838,0.0
18,202617,DLE baseline,0.2343846082734723,0.9579496573432664,2469.748477392439,1969.1992839723353,0.5601092896174863,0.8299427699894638,0.6528120015420106,267.75141737615314,550.0,0.0,0.0,41857.35026622931,22166.634466152835,0.0
18,202617,Yin 5%,0.2360885589781553,0.9579488031247788,1635.3850142322797,1298.967374388973,0.48633879781420764,0.8174411566592631,0.6528116134602644,270.401591754714,1590.210317595485,1040.2103175954805,0.0,36119.26058814972,20755.596352967463,4.547473508864641e-12
18,202617,Reflux 2% max,0.23173606864751786,0.9579881704096375,3418.6415374394533,2294.1453578502937,0.8169398907103825,0.8295179566761485,0.6528294983720289,253.90400346416035,250.4144912840574,0.0,299.5855087159425,41297.81915234394,21940.000581217464,-1.1368683772161603e-13
18,202617,Yin 5% + reflux 2%,0.24401514605875413,0.9579487997261755,1802.5798508048222,1557.6002900635947,0.4918032786885246,0.808467748211036,0.6528116119162378,270.07081138303903,1319.604176712152,1061.7338569761482,292.1296802639969,37387.16378436464,21196.175120008287,5.684341886080801e-13
19,202618,DLE baseline,0.20573331166793787,0.9579487542807397,2408.963619429477,2015.4412374600638,0.4726775956284153,0.8298626430935743,0.6528115912698258,269.7232000404588,550.0,0.0,0.0,42517.80563998732,22964.91107958858,0.0
19,202618,Yin 5%,0.2025908122289513,0.9579487542822903,1788.3960235452416,1788.3960235452416,0.4262295081967213,0.8131204663485532,0.6528115912705302,253.23190026510198,1556.410997321579,1006.4109973215848,0.0,35163.88529728591,20105.131035276332,-5.6843418860808015e-12
19,202618,Reflux 2% max,0.21188120967453336,0.9579487914585356,2633.5839378097453,2550.0706670772897,0.8087431693989071,0.8299550122648787,0.6528116081601488,265.09878626785456,250.31975122792787,0.0,299.68024877207216,41252.2945224228,21756.410379258865,5.684341886080802e-14
19,202618,Yin 5% + reflux 2%,0.20760838925625524,0.9579487542821912,1813.8083336032178,1749.6281131461485,0.4371584699453552,0.8145252538637635,0.6528115912704853,270.24822734141094,1328.0574252605095,1072.107927144796,294.0505018842812,37288.94485605171,21411.86213274442,-5.229594535194337e-12
20,202619,DLE baseline,0.14430124619933277,0.5877730721781429,2934.886747159771,1728.256538248834,0.6202185792349727,0.8494678245880419,0.6528116229435655,250.23971666226902,550.0,0.0,0.0,42376.86754434201,22894.294280968992,0.0
20,202619,Yin 5%,0.14755174673560711,0.3598062139886156,2266.9517052991923,489.16384182878716,0.2650273224043716,0.833733754902918,0.652811591264346,191.47199880957666,1633.1079962379088,1083.1079962379083,0.0,37522.6163305283,21621.147616475893,4.547473508864641e-13
20,202619,Reflux 2% max,0.14956326913140547,0.44696636729212874,4069.2255843026583,2584.065858711178,0.8114754098360656,0.848741071674799,0.6528115917100537,201.67061467344502,221.93597582569944,0.0,328.06402417430047,41086.649203052264,22310.469592613277,-1.1368683772161603e-13
20,202619,Yin 5% + reflux 2%,0.14697442124334983,0.5318759755987512,2270.6957074103884,1131.5549775609215,0.2814207650273224,0.8369147430125188,0.6528115912645379,240.3421677047447,1353.1545079550694,1143.7530789491464,340.59857099407816,39782.20703453863,22840.57410877914,1.2505552149377763e-12
21,202620,DLE baseline,0.1470598193835035,0.4801843116141481,2986.8414138085445,1542.722455861886,0.7431693989071039,0.8528783407548192,0.6535397285093656,215.57139807953718,550.0,0.0,0.0,41925.470382565494,21886.802018980437,0.0
21,202620,Yin 5%,0.1502538793137765,0.7178302325645752,1794.4307025480114,477.44055894889226,0.5792349726775956,0.8373475229666236,0.6532403122092384,308.1317938024794,1584.1237269764229,1034.1237269764283,0.0,38456.43133179439,20648.20990615881,-5.4569682106375694e-12
21,202620,Reflux 2% max,0.1485961306288347,0.4710704686121737,3290.271156351697,1689.3378006343778,0.8114754098360656,0.85438734715516,0.6533524484333367,211.38339819499657,262.6471450786595,0.0,287.3528549213406,42918.999802946186,22172.431691529742,1.1368683772161603e-13
21,202620,Yin 5% + reflux 2%,0.1509501553503624,0.731174364244483,2009.9748987300773,698.6814606138909,0.6120218579234973,0.8394847810450834,0.6529362966040257,310.79955138122733,1348.9784013385688,1096.4494010228957,297.470999684319,40290.18911646985,21896.386308198104,-7.901235221652314e-12
22,202621,DLE baseline,0.2289940725586223,0.9579487653880076,2912.526652802651,2033.2902373500315,0.546448087431694,0.8154016659023167,0.6528115963159922,276.6204582136192,550.0,0.0,0.0,42560.45481695233,22935.247551605346,0.0
22,202621,Yin 5%,0.2440086770001904,0.8754269470825445,1814.1993258300863,1610.3588582035827,0.5546448087431693,0.7838390566792148,0.6528131103100439,277.91057800849967,1605.8489354770948,1055.8489354771002,0.0,36199.61628304646,21074.909278158535,-5.4569682106375694e-12
22,202621,Reflux 2% max,0.2666753387370228,0.9832815951656323,3481.181779143569,3481.181779143569,0.8169398907103825,0.7993148847922451,0.6528123122992163,274.2745780458774,229.71700636799378,0.0,320.28299363200574,41894.874196754754,22806.37241787623,-4.547473508864641e-13
22,202621,Yin 5% + reflux 2%,0.2503190346991305,0.9579487880431006,2033.168594531843,1962.0038353615967,0.40437158469945356,0.7866889895893678,0.6528115923218921,270.6488103921165,1348.9211212938192,1119.4170114563371,320.4958901625182,38303.56931511948,22356.968499636696,2.2737367544323206e-13
23,202622,DLE baseline,0.30688865740588955,0.7973797394053547,3629.9443406489427,886.1647435563898,0.7158469945355191,0.7711041261692725,0.6528116369595011,288.2315146553183,550.0,0.0,0.0,41518.86088611651,22206.49228480664,0.0
23,202622,Yin 5%,0.31079901787034014,0.38116635065023335,2210.4737356601386,796.252760722059,0.4207650273224044,0.7374177947729524,0.6528115913091019,187.24214498207522,1558.3939327595606,1008.3939327595607,0.0,36215.0093749264,20133.73902599472,-1.1368683772161603e-13
23,202622,Reflux 2% max,0.32974511457942696,1.0002138226410777,4234.185460063562,1175.0023205454986,0.7431693989071039,0.7647759156574593,0.6528116457836709,339.17421382108637,227.4580345983206,0.0,322.54196540168067,43039.52795694972,22785.913314006502,1.3073986337985843e-12
23,202622,Yin 5% + reflux 2%,0.30632854284670974,0.5894025614305347,2216.5840604786918,1064.5511774660636,0.43989071038251365,0.7505520124192964,0.6528115913073634,239.4055201083106,1314.7484599070228,1074.7211140741438,309.97265416711934,38771.09899212694,21481.123243445698,-1.5916157281026244e-12
24,202623,DLE baseline,0.1384519110458025,0.9579487542686782,2366.8633325274204,2268.840123634196,0.366120218579235,0.8624906631692537,0.6528115912643461,267.91631550865685,550.0,0.0,0.0,43502.140890461844,23228.697664370644,0.0
24,202623,Yin 5%,0.13867523669118198,0.9579487542814955,2290.284312343384,1869.3275411999248,0.31420765027322406,0.8509847910796985,0.6528115912701692,282.6987930825299,1612.4933122232512,1062.4933122232421,0.0,36702.85965642675,21213.50945015247,9.094947017729282e-12
24,202623,Reflux 2% max,0.14887557127740744,0.9579487542686782,2770.000133087833,2246.8319058656293,0.5683060109289617,0.8564065357819091,0.6528115912643461,267.83740290444587,214.89801792511008,0.0,335.10198207489066,44110.37566560809,22969.375069940885,7.389644451905042e-13
24,202623,Yin 5% + reflux 2%,0.1404386835709291,0.9579487542686792,2313.843357578608,1762.6813623190853,0.33879781420765026,0.8515997874204204,0.6528115912643465,279.86757883499735,1328.034380789049,1089.4051583111266,311.37077752207875,38540.857076056236,21759.18038873646,1.1937117960769683e-12
25,202624,DLE baseline,0.29881528127759827,0.9579487926365369,3495.2074464641123,2420.1110569948623,0.546448087431694,0.7757848448715535,0.6528116086953291,268.46996752155013,550.0,0.0,0.0,42148.74862167594,22990.144362828098,0.0
25,202624,Yin 5%,0.2996473893122062,0.7825923612594899,2110.3338745641636,1986.8236133943547,0.6639344262295082,0.7451730230814958,0.6533533115548203,252.39347597041854,1585.9304004411192,1035.9304004411247,0.0,35198.539351437226,20676.727681816054,-5.4569682106375694e-12
25,202624,Reflux 2% max,0.31975322561016684,0.9579487790021968,3909.0798817151044,2278.5267959876646,0.6065573770491803,0.7703532422237617,0.6528116025010833,276.585018666426,224.0049652408893,0.0,325.9950347591097,44010.90409410009,23604.91371040854,-9.663381206337363e-13
25,202624,Yin 5% + reflux 2%,0.29789390946269745,0.844786438537792,2329.616453496865,1340.2546332648142,0.674863387978142,0.7559122708770539,0.6535117122157204,261.5149611139864,1332.791042065375,1056.629938255111,273.8388961897428,37413.42368923753,21105.219708590474,6.764366844436154e-12
26,202625,DLE baseline,0.136357270492798,0.9581429106245088,2545.196692610485,2291.3203240051307,0.6366120218579235,0.862535432078844,0.6528117523821202,272.2090488603455,550.0,0.0,0.0,42323.327303158934,22542.959713221866,0.0
26,202625,Yin 5%,0.07550150475658249,0.8539928414368224,1518.0366650982928,1094.6180828704441,0.592896174863388,0.8967554647760738,0.6528143293589989,261.6972595001965,1553.005989313571,1003.005989313571,0.0,36904.72373352893,20031.61082335723,0.0
26,202625,Reflux 2% max,0.13718459759694693,0.958206290769841,3002.81883660135,2642.8652157506554,0.7841530054644809,0.8639604237403011,0.6528132290799719,271.25928934565184,258.93650880474974,0.0,291.0634911952509,41943.45214243475,22071.00987095684,6.252776074688882e-13
26,202625,Yin 5% + reflux 2%,0.07736658733235106,0.8635300640616527,2035.2698666635054,1047.7081893308573,0.5737704918032787,0.8956410220196603,0.6528146586452381,258.91787845287985,1336.4368784280764,1083.3513355854832,296.91445715740383,39013.13768561434,21636.455223791814,-2.9558577807620168e-12
27,202626,DLE baseline,0.18585467870368497,0.4616161889694571,3026.8385145130405,1651.0861206863467,0.6939890710382514,0.8319657031712272,0.6537446221762142,213.07568686759404,550.0,0.0,0.0,42174.30364642221,22363.940581726867,0.0
27,202626,Yin 5%,0.189997115706627,0.3520961341877398,1778.822545814753,1403.1021946922597,0.6721311475409836,0.8133133239771053,0.6534870346259033,193.60578613044356,1548.6797445286913,998.6797445286953,0.0,35364.016271086366,19934.308454335576,-3.979039320256561e-12
27,202626,Reflux 2% max,0.19255217097707372,0.46569147910626446,3340.8260952792184,1857.201590735939,0.7595628415300546,0.8305423557152094,0.653488094666813,213.1950048196148,247.10745605008384,0.0,302.89254394991764,43166.31363891243,22631.5533202691,1.4779288903810084e-12
27,202626,Yin 5% + reflux 2%,0.19037532385300523,0.42917683815127694,1945.8580602364602,814.0664479271123,0.6830601092896175,0.8168544654950565,0.6539321740595636,213.6812114761686,1324.3346939131625,1059.9208534587879,285.5861595456201,38457.70082692655,21168.05635883488,-5.286437954055145e-12
28,202627,DLE baseline,0.17682608539073405,0.8196489671193863,2804.9603429098615,969.444611189478,0.7240437158469946,0.8464041114404905,0.6528121098898266,254.97435996048654,550.0,0.0,0.0,42238.20293144489,22308.724537978153,0.0
28,202627,Yin 5%,0.17449868517143532,0.5441479759094056,2280.520841397207,813.8438618687526,0.4207650273224044,0.8312649158490533,0.6528115923009918,208.56872316672647,1632.3593706690233,1082.359370669023,0.0,37148.45377615203,21598.20240699708,2.2737367544323206e-13
28,202627,Reflux 2% max,0.18329963306943547,0.9066520158966279,3858.876112072584,2431.4009325603674,0.8306010928961749,0.8456270307396659,0.6528115924493921,255.2879300581997,234.7859445617658,0.0,315.21405543823363,41392.316732814565,22133.577983983167,-5.684341886080801e-13
28,202627,Yin 5% + reflux 2%,0.17825093215860605,0.9579537106049635,2270.7323428206646,1437.501123424908,0.28415300546448086,0.83241991075621,0.6528115923137352,268.60529085658385,1363.1558967996486,1163.4850417227444,350.32914492309897,40070.035913255284,23242.94141294222,3.183231456205249e-12
29,202628,DLE baseline,0.22075074736197442,0.6800165509905907,2737.742278184259,2210.9334940011513,0.6912568306010929,0.8378874789514995,0.6531010490648955,251.65603672590254,550.0,0.0,0.0,40316.941604395826,21405.539121727626,0.0
29,202628,Yin 5%,0.22170536519209222,0.386714598693422,1753.4836687497989,987.5296490159451,0.6502732240437158,0.8270761369022197,0.6538158173233926,192.10262298106554,1532.4028352134512,982.4028352134527,0.0,35470.28301545026,19617.560455196326,-1.4779288903810084e-12
29,202628,Reflux 2% max,0.22577624751898615,0.6224468032986754,3214.9353494915345,2379.0284214118324,0.8032786885245902,0.8347361521150549,0.6528204325450543,232.935225499033,275.18390917935926,0.0,274.81609082064267,40581.48648404284,21425.904356111278,1.9326762412674725e-12
29,202628,Yin 5% + reflux 2%,0.23455467041689781,0.479102729203436,2323.1041105816876,816.7676539253587,0.5409836065573771,0.8186587945588164,0.6528132868754722,215.99472270613228,1315.492326763026,1054.520798955512,289.02847219248605,38221.8724261283,21040.585509926175,1.7053025658242404e-13
30,202629,DLE baseline,0.18506047134649078,0.6550604382796409,2707.498938806705,2088.9738369712186,0.8060109289617486,0.8414071264421379,0.6528123474917044,243.89301812913874,550.0,0.0,0.0,42100.73811344266,21976.283388895656,0.0
30,202629,Yin 5%,0.1647417357262127,0.8828445071637643,2189.419523857693,701.3124962755683,0.6475409836065574,0.840911374398648,0.6529868514890921,325.4787709602266,1595.3805089815528,1045.3805089815537,0.0,38439.21077575212,20865.51313513547,-9.094947017729282e-13
30,202629,Reflux 2% max,0.19446700864225824,0.5652503397033974,4080.9721281615894,1952.7549444885801,0.8497267759562842,0.8369780721169948,0.6528126046938034,216.83706397921668,248.3698293144337,0.0,301.6301706855675,43197.88490337455,22456.119907288405,1.1937117960769683e-12
30,202629,Yin 5% + reflux 2%,0.17485158848575968,0.6394652948940693,2534.7158210656617,1209.2006581542985,0.6174863387978142,0.836281669556801,0.6529814502737554,251.3271953337609,1333.8257658251243,1074.2884294179798,290.46266359285676,39006.94272270948,21440.15137665487,1.2505552149377763e-12
31,202630,DLE baseline,0.15861295118845292,0.9580556207475198,2711.771322313211,2270.5079488536426,0.6557377049180327,0.8538671711724309,0.6528192654729703,274.3801994694535,550.0,0.0,0.0,41990.80414590935,22082.899316059622,0.0
31,202630,Yin 5%,0.1535721494192863,0.9604169159635684,1992.9888772770714,1394.6167652805125,0.5245901639344263,0.8446301543541289,0.6528184130543554,254.75071501321935,1591.263181236966,1041.263181236967,0.0,37155.100500655135,20775.676022520543,-1.1368683772161603e-12
31,202630,Reflux 2% max,0.17304723859359883,0.9580772259265528,3874.9382368825973,2367.568319132631,0.8497267759562842,0.8457395145498366,0.652819352087017,260.2118507158349,229.59526798723985,0.0,320.40473201276177,43799.370549475854,23075.44480692303,1.5916157281026244e-12
31,202630,Yin 5% + reflux 2%,0.1569323441188935,0.9580894850978798,2273.098987338057,1574.961044579979,0.5218579234972678,0.8446207265297468,0.652818615573973,259.97889639725014,1329.5613380267514,1088.2600914031273,308.69875337638354,39055.08329498482,21727.934086869653,7.673861546209082e-12
32,202631,DLE baseline,0.15602087803502326,0.9178948736569484,2453.243609302948,1242.0657057674987,0.7076502732240437,0.8539258584737145,0.6528147923197216,294.4082901411992,550.0,0.0,0.0,43485.86094587817,21784.973386690373,0.0
32,202631,Yin 5%,0.1594664824357969,0.74624185649221,1405.9888615392535,1204.3050148892887,0.7896174863387978,0.8384742533170462,0.6558041263149944,266.24438645738985,1521.8759719754091,971.8759719754078,0.0,36749.111635244044,19391.323725557122,1.3642420526593924e-12
32,202631,Reflux 2% max,0.15756207727653088,0.6355541967382975,2574.987610476754,1360.6368401489344,0.7896174863387978,0.8550865598288759,0.6529364775271526,218.75595984477135,302.4363780787916,0.0,247.5636219212089,42949.470317144296,21336.335631228845,5.400124791776761e-13
32,202631,Yin 5% + reflux 2%,0.1608575387816169,0.8470703915572607,1776.5381996707245,1776.5381996707245,0.7240437158469946,0.8400864947281534,0.6536428065063817,286.5861974910842,1330.5839932483734,1026.6255061536936,246.04151290531823,38116.59436566919,20507.835900971644,-1.8758328224066645e-12
33,202632,DLE baseline,0.19054855483968292,0.8427067812991653,2384.2744810608565,2352.3652155859754,0.5792349726775956,0.8383262622686775,0.6528115930593733,288.35379337616246,550.0,0.0,0.0,42633.00246159286,22381.381245772,0.0
33,202632,Yin 5%,0.1889537078817373,0.5896147850837503,1462.2987700044985,1155.3864607492444,0.6557377049180327,0.8218387617507062,0.6538014224537182,234.30009107690216,1556.6813828097897,1006.6813828097963,0.0,36913.55553587791,20101.929548993685,-6.59383658785373e-12
33,202632,Reflux 2% max,0.1953617858929765,0.8601725395098507,2483.022283539525,1880.2316913552334,0.6120218579234973,0.8388260178504555,0.6528115930146327,290.69751246907055,268.271098256161,0.0,281.72890174383997,45200.257938370014,23215.723780779495,9.663381206337363e-13
33,202632,Yin 5% + reflux 2%,0.19312416328138862,0.6546176865548045,1699.2919707899823,1390.862436336493,0.7185792349726776,0.8232406341877301,0.6542313340269513,248.60428785890085,1320.955736749127,1019.7541553883609,248.79841863923903,37745.58085301979,20361.986656094356,5.172751116333529e-12
34,202633,DLE baseline,0.18557225640111097,0.7239323791922474,2455.737340360913,1659.648977918291,0.5573770491803278,0.8412936472770032,0.652811591850881,264.8398452275802,550.0,0.0,0.0,45209.809868923025,23723.252189600906,0.0
34,202633,Yin 5%,0.18379646169858474,0.8524730073792486,1729.882446944398,840.8640891847765,0.5601092896174863,0.8251815872960226,0.6528475442039369,315.30641279661955,1625.7652090478618,1075.7652090478657,0.0,38595.79744804932,21491.163390551726,-3.865352482534945e-12
34,202633,Reflux 2% max,0.19331878173399128,0.5627036741316228,3073.772993509921,1551.8401924358436,0.8278688524590164,0.8409194537492788,0.6528115918347396,216.58911840016236,267.4596346424395,0.0,282.54036535755944,42167.04592986329,21592.96725421715,-1.0800249583553523e-12
34,202633,Yin 5% + reflux 2%,0.18794151930266137,0.8923625658100037,2051.2560405794775,977.5917091564726,0.5327868852459017,0.826392981138218,0.6528144848341778,323.28043435583623,1333.4021239631295,1099.6982302893366,316.29610632621296,40063.11001497743,21964.0799777179,5.8548721426632255e-12
35,202634,DLE baseline,0.13161785692754305,0.9579487545355166,2511.030019236927,2058.967546109065,0.366120218579235,0.8654870574970686,0.652811591385574,269.5765123595544,550.0,0.0,0.0,45150.66380564726,24449.056649096237,0.0
35,202634,Yin 5%,0.13550316446350383,0.9581460712397457,1682.1586995167527,906.8442321229725,0.5218579234972678,0.8510132150865939,0.6529012316782349,258.39154085464804,1596.5025600954898,1046.502560095486,0.0,37778.32935356157,20892.775828920934,3.865352482534945e-12
35,202634,Reflux 2% max,0.1325983449881772,0.9581847893093316,3359.754890888972,2585.117661329511,0.7868852459016393,0.8666440196576832,0.6529013569147636,283.188507600786,242.96235716701216,0.0,307.03764283298796,42578.119218725944,22595.765517308926,1.1368683772161603e-13
35,202634,Yin 5% + reflux 2%,0.08435933907697866,0.9579490246964305,2085.493051957575,1838.3900531960771,0.3879781420765027,0.8850447268961646,0.6528117141229453,271.2642386802262,1349.4318166700173,1129.9464739548866,330.51465728485834,39444.18373620922,22564.28405445254,-1.1027623258996755e-11
36,202635,DLE baseline,0.17200342088106296,0.912480465792956,2848.9010523218053,1864.0496092079047,0.6530054644808743,0.8489345533308297,0.6528116529567152,325.5416323892814,550.0,0.0,0.0,44759.91917140506,23658.70931453094,0.0
36,202635,Yin 5%,0.16990442102561337,0.3885970952111763,2244.4937753086924,892.5252644705508,0.38524590163934425,0.8342395196310733,0.6528115914284761,199.0241802860367,1604.597459049779,1054.5974590497751,0.0,37213.07275615466,21048.358003166533,3.865352482534945e-12
36,202635,Reflux 2% max,0.17730556861783375,0.45637946707862714,4081.486954182026,2398.936092078401,0.825136612021858,0.8481695558749286,0.6528115993794738,203.19043410020808,237.65620805187578,0.0,312.34379194812357,41670.10343848955,22227.89229677828,-6.821210263296962e-13
36,202635,Yin 5% + reflux 2%,0.17361607030783108,0.5605348838241426,2287.6140943039954,684.2598490367074,0.39344262295081966,0.8353130805435554,0.6528115912678135,247.72143115299366,1356.7257804625879,1144.7992441426652,338.0734636800789,41441.82590433716,22890.70707542193,1.5347723092418164e-12
37,202636,DLE baseline,0.25541797697348834,0.9384515591944419,3057.1234893203537,1960.8243671183807,0.3989071038251366,0.7707402165252114,0.6528115918776395,297.6365663802422,550.0,0.0,0.0,44465.66628555949,24041.226296697445,0.0
37,202636,Yin 5%,0.257974274674329,0.6364027783611363,2036.7111465073135,846.3432357800236,0.6120218579234973,0.7463489925203803,0.6531842360502768,255.97621156527836,1595.4227494768513,1045.422749476848,0.0,36705.02823740254,20881.830577041703,3.410605131648481e-12
37,202636,Reflux 2% max,0.27935076728750113,0.7113435613976195,3890.7762118338323,2603.7211131305994,0.8142076502732241,0.7598187593805616,0.6531823505166195,251.2947420412242,270.2400815874808,0.0,279.7599184125193,41074.02685920409,22084.023740034914,1.1368683772161603e-13
37,202636,Yin 5% + reflux 2%,0.2548544698115878,0.6616152292346785,2254.1415018204793,816.6358811271799,0.6284153005464481,0.7550201606907859,0.6531944429237967,257.4238794649376,1329.3227542282114,1067.643368439503,288.3206142112902,37987.3075429708,21316.102501865942,-1.5347723092418164e-12
38,202637,DLE baseline,0.1763716319145766,0.9463301875537068,2411.730475479513,2385.086908514807,0.4808743169398907,0.8565377180354792,0.6528119794391066,297.40437295389194,550.0,0.0,0.0,42791.15561986902,23111.20271836,0.0
38,202637,Yin 5%,0.17894150862256405,0.5499696992298103,1636.824525480675,858.8365856376759,0.5382513661202186,0.847352591378577,0.6528679282346075,216.63035408969535,1519.4902451250164,969.4902451250179,0.0,35111.43075024855,19341.43698923554,-1.4779288903810084e-12
38,202637,Reflux 2% max,0.179600622738607,0.4973400776328666,3593.6901644686704,1429.5353372682368,0.8114754098360656,0.8545062610979771,0.652867573953219,187.52898102562327,280.7535763578402,0.0,269.24642364216004,40331.53027044375,20976.241448996516,2.2737367544323206e-13
38,202637,Yin 5% + reflux 2%,0.1841055526355141,0.5427180391627277,1945.2683984676607,913.2137364002909,0.5737704918032787,0.8437076013267223,0.6528649753595615,213.16130307101176,1272.1108328009886,982.1687094545345,260.0578766535461,35909.06868497164,19613.90337036405,2.8421709430404007e-13
39,202638,DLE baseline,0.14787777230674173,0.9581017639774532,2479.985669972486,1868.1715807063572,0.6530054644808743,0.8562070297724342,0.6528811035788079,267.9372619703185,550.0,0.0,0.0,43394.89712883009,22712.368020058697,0.0
39,202638,Yin 5%,0.08320273265813795,0.9580219734668708,1589.3431865593216,1589.3431865593216,0.5710382513661202,0.8871741677975293,0.6528448552096203,246.4108791940629,1594.4785520021221,1044.4785520021276,0.0,37283.983941122235,20851.162393688453,-5.4569682106375694e-12
39,202638,Reflux 2% max,0.149247211593632,0.9581559665016344,2798.7728288822254,2600.323092846855,0.7841530054644809,0.8575247927393962,0.6529057268992653,273.00312008096125,249.66480598675275,0.0,300.335194013249,43012.9240090401,22492.91930944103,1.7621459846850485e-12
39,202638,Yin 5% + reflux 2%,0.1524836159959678,0.9579833083822188,1840.4395023326701,1840.4395023326701,0.5792349726775956,0.8426746040515092,0.6528272895224809,248.38251946196223,1317.3728834490603,1068.5401381548072,301.1672547057491,38190.60073846561,21320.85454155059,2.1600499167107046e-12
40,202639,DLE baseline,0.15357897999671696,0.608503705509539,2511.632953332515,1609.4675372708741,0.7076502732240437,0.8396908628042093,0.652818580333834,252.64404756660392,550.0,0.0,0.0,42873.34571620065,22273.89858485439,0.0
40,202639,Yin 5%,0.15514429472459873,0.3721682768286711,1379.2759225959924,391.04662562864416,0.6530054644808743,0.8242604730090739,0.652818469938147,191.95825032357,1517.9804239429254,967.9804239429274,0.0,37155.98723371267,19332.358606358306,-1.9326762412674725e-12
40,202639,Reflux 2% max,0.16022138512340817,0.4101575834508505,2741.3283485621337,922.471562476752,0.7923497267759563,0.8377346058008702,0.6528185690010844,187.79756422536346,300.7841247861629,0.0,249.2158752138369,42661.658234822266,21465.67205125193,-1.4210854715202004e-13
40,202639,Yin 5% + reflux 2%,0.15456339946287703,0.41296891742610436,1512.6291953852449,730.766082420553,0.6666666666666666,0.8282205236808067,0.652818370400753,202.44265103686368,1306.7555607030604,1001.6991159881987,244.94355528513927,38127.41485977509,20009.665991293965,9.379164112033322e-13
41,202640,DLE baseline,0.1550151158129192,0.9579488050622738,2419.6588992818415,1906.075204792291,0.6092896174863388,0.8536988050237329,0.6528116143404918,269.93322961925696,550.0,0.0,0.0,42673.657595387136,22464.499315790505,0.0
41,202640,Yin 5%,0.15852931860637132,0.9910294342907802,2424.2643595652626,2424.2643595652626,0.7158469945355191,0.8382171450603209,0.6554365290791921,264.2506989736009,1520.1877425942325,970.1877425942337,0.0,34801.76365539757,19367.85447389547,-1.1368683772161603e-12
41,202640,Reflux 2% max,0.156139953872583,0.9579488051300591,2635.3347003353283,2075.9198225754635,0.7978142076502732,0.8551927335004197,0.6528116143712875,256.1955972420797,261.98191477783143,0.0,288.01808522216703,42541.22457420803,22001.48924400253,-1.5347723092418164e-12
41,202640,Yin 5% + reflux 2%,0.12007388851873631,0.9579488046815992,1490.0639880270498,1403.1105773444328,0.5300546448087432,0.8515495072592204,0.6528116141675468,269.77772751846726,1329.8245666199984,1062.8555950201976,283.03102840019955,38749.351332471764,21212.10443237664,3.979039320256561e-13
42,202641,DLE baseline,0.2038028649372988,0.9580353613401698,2519.551779439311,1847.5164317870856,0.587431693989071,0.8266815067192569,0.652817523949849,284.5097250199783,550.0,0.0,0.0,42022.55592163033,22395.333602827533,0.0
42,202641,Yin 5%,0.18033969240310024,0.6810890977695586,2256.3543551805647,1295.910477358622,0.6065573770491803,0.8237913685416023,0.6531799450304051,237.0304577899913,1596.0885016836012,1046.0885016836035,0.0,36242.05904957221,20876.72286650035,-2.2737367544323206e-12
42,202641,Reflux 2% max,0.23905484190098863,0.8116475975429086,4212.349970174691,2930.9525749769673,0.8142076502732241,0.8142951120876476,0.6528135932862253,240.15071985835291,239.6965204807435,0.0,310.3034795192573,41474.10935633296,22478.821919744445,7.958078640513122e-13
42,202641,Yin 5% + reflux 2%,0.19035561886347976,0.8704281676940905,2324.382055378641,1532.550942129642,0.49453551912568305,0.820525342119339,0.652811606126799,273.7404599290397,1332.114698412945,1102.689430171485,320.57473175853505,38776.681394573476,22030.553929395675,-4.831690603168681e-12
43,202642,DLE baseline,0.16445137882340194,0.5415219749570287,3174.5177129609883,2128.6974774132514,0.7213114754098361,0.845840918814146,0.6528300403809223,233.16073050019142,550.0,0.0,0.0,41220.4298779934,22218.385200335404,0.0
43,202642,Yin 5%,0.16733328353432275,0.37584049675807424,2049.934464373196,741.4006205778854,0.42896174863387976,0.8297923033467571,0.6528141664234254,205.86011511658876,1622.6879895204827,1072.687989520483,0.0,37846.52905918767,21411.84117105623,-2.2737367544323206e-13
43,202642,Reflux 2% max,0.16602832533902678,0.5180791026133325,3711.348735054347,2301.6210676274586,0.8142076502732241,0.8474781399192665,0.6528288076507606,223.5668983086378,231.61389671163494,0.0,318.38610328836626,42002.74253440967,22316.69307000648,1.1937117960769683e-12
43,202642,Yin 5% + reflux 2%,0.16850565013625377,0.3818116107156988,2339.895192143193,747.4401833989878,0.43989071038251365,0.8318827555998983,0.6528138518522175,203.7937345460573,1320.2779276605877,1095.1001310832135,324.8222034226291,39404.34072211279,21880.775312380516,3.353761712787673e-12
44,202643,DLE baseline,0.1669353493109557,0.9582517032043967,2778.3658615833265,2416.750172181569,0.7295081967213115,0.8472470059456103,0.6528146546385472,268.86185638213914,550.0,0.0,0.0,41663.09435237077,22004.656512390324,0.0
44,202643,Yin 5%,0.15088347547510275,0.9166663221283221,1656.95532673025,943.3867888257499,0.5409836065573771,0.8463039973836404,0.6528486587983665,262.3332920773149,1565.3099119104447,1015.3099119104453,0.0,37895.92146456969,20259.944648752975,-5.684341886080801e-13
44,202643,Reflux 2% max,0.18424504305264494,0.9582272129599241,3011.368467386858,2368.5720175893734,0.7868852459016393,0.8371948419957445,0.6528145733166653,270.6465788369214,247.30283568990058,0.0,302.6971643101011,43340.49444027743,22562.117247324863,1.6484591469634324e-12
44,202643,Yin 5% + reflux 2%,0.15643584260210916,0.9891079935858429,1845.164574149851,940.2120459493532,0.5655737704918032,0.8442956982430092,0.6528148732414425,263.35901263470214,1330.7720759003905,1081.6004397087963,300.82836380840797,39848.52957674296,21581.921319081706,2.1600499167107046e-12
45,202644,DLE baseline,0.12511103537149088,0.9581382016268056,3082.1641829689047,899.4435492307645,0.6939890710382514,0.8564493789567809,0.6528120871547849,274.9867777969245,550.0,0.0,0.0,42207.01884244758,22426.826511829408,0.0
45,202644,Yin 5%,0.12733438332992775,0.9581541161032245,1761.9009392935943,1667.4513581966562,0.4644808743169399,0.8420280039741577,0.6528121872752732,258.9797721189206,1582.7807795494318,1032.7807795494323,0.0,35831.52846061723,20618.83388752192,-4.547473508864641e-13
45,202644,Reflux 2% max,0.12991420351941838,0.958156948600946,3471.3203393047247,3348.2170396104975,0.7950819672131147,0.8557605616462521,0.6528120932632814,268.41755145716616,226.61645768417813,0.0,323.38354231582315,41326.200537437006,22484.779955339734,1.3073986337985843e-12
45,202644,Yin 5% + reflux 2%,0.12645643550276517,0.9579897563286714,1961.2750206045052,1682.1603394807546,0.4426229508196721,0.8452684609318067,0.6528121738714439,271.9983135726641,1337.056853619782,1120.346617308901,333.28976368911793,38581.60278628548,22380.02206612778,-9.663381206337363e-13
46,202645,DLE baseline,0.16390136330456667,0.957948829466677,2841.1917443794528,2225.619052509769,0.5355191256830601,0.8463751054691201,0.6528116254277078,269.7138472057728,550.0,0.0,0.0,41860.15031316009,22480.479008642895,0.0
46,202645,Yin 5%,0.16672047206495239,0.9585568400000144,2250.7409130357796,1590.1202803611427,0.6092896174863388,0.8304601214381494,0.653087822761716,293.77717821103784,1585.6927439505478,1035.692743950547,0.0,35769.10048623645,20676.040947950845,6.821210263296962e-13
46,202645,Reflux 2% max,0.16532574954532844,0.9579487725723534,3437.662824296706,2651.7440404175895,0.8032786885245902,0.8480937754107472,0.6528115995799275,267.5617531845436,211.48196068135007,0.0,338.518039318649,44198.5315113889,23515.636226802646,-9.094947017729282e-13
46,202645,Yin 5% + reflux 2%,0.16780462537778582,0.9579488045500194,1974.4153286413277,1431.4978158884858,0.4808743169398907,0.832575023972109,0.6528116141077686,270.2606840195181,1351.4562426363973,1107.3403861386682,305.88414350227373,38647.653342388716,22095.520426435665,2.7853275241795927e-12
47,202646,DLE baseline,0.18255868959607888,0.9581329407528093,2654.0282381587776,2058.0321903616755,0.6256830601092896,0.8297723127966524,0.6528166796084188,276.57218116687756,550.0,0.0,0.0,42430.03190572365,22978.64413683235,0.0
47,202646,Yin 5%,0.18577986931994012,0.958084663644757,2207.861353751425,1731.2970803636372,0.4180327868852459,0.8117088306990393,0.6528202422273404,238.40873185887185,1632.026814859895,1082.0268148599002,0.0,36264.08018842582,21583.7343971051,-5.229594535194337e-12
47,202646,Reflux 2% max,0.19028714395040902,0.9582082506172903,4020.5019078947826,2459.322808874127,0.7950819672131147,0.8274962231013574,0.6528116455724372,267.72326551409725,219.6020189353701,0.0,330.39798106463076,42159.12977734681,22873.753049081835,8.526512829121202e-13
47,202646,Yin 5% + reflux 2%,0.18517725182599729,0.9580933878319037,2305.5059221543283,875.4621037882993,0.3442622950819672,0.8161962085489115,0.6528147954075393,244.46303426975192,1344.039681995429,1135.5071827732488,341.467500777818,40526.461993780686,22662.83501918533,-1.8758328224066645e-12
48,202647,DLE baseline,0.1631934332312098,0.7080384620647671,3085.2693482327463,2251.468071461249,0.8005464480874317,0.8499488741137492,0.6533373661473924,245.92906594346942,550.0,0.0,0.0,41084.498951085894,21732.166965325887,0.0
48,202647,Yin 5%,0.16634144886587246,0.8667964399843072,1853.0115871772564,841.7564281708642,0.6338797814207651,0.8342601764536284,0.6535716626568414,301.28089495841846,1595.4290786052393,1045.4290786052434,0.0,37899.82246201443,20874.534406201266,-4.092726157978177e-12
48,202647,Reflux 2% max,0.16470774947220912,0.6942714994811293,3461.334983288069,2330.5857606859367,0.8306010928961749,0.8513089816461918,0.6530033207523337,240.6349570866999,253.3227989053544,0.0,296.67720109464625,42421.57799755507,22277.177840896013,6.252776074688882e-13
48,202647,Yin 5% + reflux 2%,0.16786258941433216,0.9083433595833454,2110.1644156281754,903.6307248312797,0.5792349726775956,0.8360000422960929,0.6528122897905781,309.5981906008002,1345.079961024768,1102.9220892072215,307.8421281824559,39756.239416751094,22027.18160462183,2.3874235921539366e-12
49,202648,DLE baseline,0.15842984876162114,0.7868371736123424,2458.8563347402796,2116.9879480895993,0.6202185792349727,0.8512057734323958,0.6528126344805328,263.2720836183416,550.0,0.0,0.0,43054.496388209925,22701.00717285323,0.0
49,202648,Yin 5%,0.11336585647034822,0.48965935719775266,1765.822191347148,788.6953716337429,0.5437158469945356,0.858168809797633,0.6528125222837868,206.90267954532607,1573.3283983423555,1023.328398342358,0.0,37012.71701780009,20436.029051570156,-2.5011104298755527e-12
49,202648,Reflux 2% max,0.16015189299105553,0.6591445717466957,3488.93592772424,2608.047629123539,0.8306010928961749,0.8523987199725294,0.6528126717041004,226.75495130190413,233.3510629728626,0.0,316.6489370271373,42230.57500609193,22549.791541075472,-1.1368683772161603e-13
49,202648,Yin 5% + reflux 2%,0.16331199459465606,0.8387384057726878,2247.572734766233,853.617082503698,0.5327868852459017,0.8371251638835222,0.6528126382943227,288.8029287186295,1331.0212756617505,1099.240929573901,318.21965391215656,39335.89817357661,21955.425133672143,6.0254023992456496e-12
50,202649,DLE baseline,0.20162920214631366,0.8821402834812437,2442.50995095242,2442.50995095242,0.5573770491803278,0.8278441399987827,0.6528115920251045,292.35090634138663,550.0,0.0,0.0,42986.181869217406,22952.389756021912,0.0
50,202649,Yin 5%,0.178809909411239,0.5034240085787929,1507.2553363131158,689.7555001890177,0.6557377049180327,0.8246183356779871,0.652827928417258,212.42730383716105,1523.0980030411267,973.0980030411287,0.0,36540.03360108691,19429.335256224684,-1.9326762412674725e-12
50,202649,Reflux 2% max,0.23780051231461186,0.9161722016130835,2826.87664414203,2826.87664414203,0.7978142076502732,0.8150281318403301,0.6528264669274645,298.12636937342376,264.0514740279214,0.0,285.9485259720785,42580.526516010286,22410.964607876587,-5.684341886080802e-14
50,202649,Yin 5% + reflux 2%,0.18977021515032105,0.7141213506037725,1701.380730454354,1548.0593826069946,0.644808743169399,0.8207170884782969,0.6528273910203849,260.2110929367374,1304.1481937100004,1031.4796331792465,277.33143946925026,37625.390233199476,20602.951244442494,4.149569576838985e-12
